{
	"info": {
		"_postman_id": "6726a279-82bc-4f78-9841-f5a957843029",
		"name": "Tarea HATEOAS",
		"schema": "https://schema.getpostman.com/json/collection/v2.0.0/collection.json",
		"_exporter_id": "29355136"
	},
	"item": [
		{
			"name": "Listar Estudiantes",
			"protocolProfileBehavior": {
				"disableBodyPruning": true
			},
			"request": {
				"auth": {
					"type": "noauth"
				},
				"method": "GET",
				"header": [],
				"body": {
					"mode": "raw",
					"raw": "{\r\n    \"id\": 6,\r\n    \"name\": \"Renato\",\r\n    \"notaPC1\": 16,\r\n    \"notaPC2\": 18,\r\n    \"notaExamenFinal\": 12\r\n}",
					"options": {
						"raw": {
							"language": "json"
						}
					}
				},
				"url": "http://localhost:8080/api/estudiantes"
			},
			"response": []
		},
		{
			"name": "Listar Estudiante",
			"request": {
				"method": "GET",
				"header": [],
				"url": "http://localhost:8080/api/estudiante/2"
			},
			"response": []
		},
		{
			"name": "Registrar Estudiante",
			"request": {
				"method": "POST",
				"header": [],
				"body": {
					"mode": "raw",
					"raw": "{\r\n    \"name\": \"Carlos\",\r\n    \"notaPC1\": 16.0,\r\n    \"notaPC2\": 12.0,\r\n    \"notaExamenFinal\": 15.0 \r\n}",
					"options": {
						"raw": {
							"language": "json"
						}
					}
				},
				"url": "http://localhost:8080/api/estudiante"
			},
			"response": []
		},
		{
			"name": "Editar Estudiante",
			"request": {
				"method": "PUT",
				"header": [],
				"body": {
					"mode": "raw",
					"raw": "{\r\n    \"id\": 2,\r\n    \"name\": \"Gerardo\",\r\n    \"notaPC1\": 14.0,\r\n    \"notaPC2\": 10.0,\r\n    \"notaExamenFinal\": 15.0\r\n}",
					"options": {
						"raw": {
							"language": "json"
						}
					}
				},
				"url": "http://localhost:8080/api/estudiante"
			},
			"response": []
		},
		{
			"name": "Eliminar Estudiante",
			"request": {
				"method": "DELETE",
				"header": [],
				"url": "http://localhost:8080/api/estudiante/2"
			},
			"response": []
		},
		{
			"name": "Calcular Promedio",
			"request": {
				"method": "PATCH",
				"header": [],
				"body": {
					"mode": "raw",
					"raw": "",
					"options": {
						"raw": {
							"language": "json"
						}
					}
				},
				"url": "http://localhost:8080/api/estudiantes/3/promedio"
			},
			"response": []
		}
	]
}